<?xml version="1.0" encoding="UTF-8"?>
<!DOCTYPE mapper PUBLIC "-//mybatis.org//DTD Mapper 3.0//EN" "http://mybatis.org/dtd/mybatis-3-mapper.dtd">
<mapper namespace="com.just.crm.dao.mapper.MenuMapper">

    <resultMap id="menuTreeMap" type="com.just.crm.entity.dto.MenuResponse">
        <collection column="{id=id,userId = userId}" property="menuResponses" javaType="java.util.ArrayList"
                    ofType="com.just.crm.entity.dto.MenuResponse" select="getMenuTree"></collection>
    </resultMap>

    <select id="getMenuTree" resultMap="menuTreeMap">
        SELECT
        	m.*,
        	ur.user_id userId
        FROM
        	t_menu m,
        	t_role_menu rm,
        	t_user_role ur
        WHERE
        	m.id = rm.menu_id
        AND rm.role_id = ur.role_id
        AND m.pid = #{id}
        AND ur.user_id = #{userId}
    </select>

    <select id="findMenus" resultMap="menuTreeMap" parameterType="Long">
        SELECT
        	m.*,
        	ur.user_id userId
        FROM
        	t_menu m,
        	t_role_menu rm,
        	t_user_role ur
        WHERE
        	m.id = rm.menu_id
        AND rm.role_id = ur.role_id
        AND m.pid = 0
        AND ur.user_id = #{userId}
    </select>

</mapper>