<?xml version="1.0" encoding="UTF-8"?>
<!DOCTYPE mapper PUBLIC "-//mybatis.org//DTD Mapper 3.0//EN" "http://mybatis.org/dtd/mybatis-3-mapper.dtd">
<mapper namespace="com.just.crm.dao.mapper.RoleMapper">

    <!-- 查询用户角色 -->
    <select id="findRoles" parameterType="long" resultType="com.just.crm.entity.Role">
        select r.* from t_role r,t_user_role ru where r.id = ru.role_id and ru.user_id = #{userId}
    </select>

    <!-- 新增角色权限 -->
    <insert id="savePermission" parameterType="com.just.crm.entity.dto.PermissionRequest">
        insert into t_role_permission(role_id,permission_id) VALUES
        <foreach collection="permission" separator="," item="item">
          (#{roleId},(SELECT id FROM t_permission where permission = #{item}))
        </foreach>
        ON DUPLICATE KEY update role_id = #{roleId}
    </insert>

    <!-- 查询关联用户 -->
    <select id="findUserRole" parameterType="long" resultType="com.just.crm.entity.UserRole">
        select * from t_user_role where role_id = #{roleId}
    </select>

    <!-- 删除角色权限 -->
    <delete id="deletePermissions" parameterType="com.just.crm.entity.dto.PermissionRequest">
        delete rp from t_role_permission rp where rp.role_id=#{roleId} and exists (
        SELECT 1 FROM t_permission p where p.id = rp.permission_id and p.permission in (
        <foreach collection="permission" separator="," item="item">
            #{item}
        </foreach> ))
    </delete>

    <!-- 查询用户角色 根据Map过滤条件 -->
    <select id="findPageRoles" parameterType="com.just.crm.entity.dto.RoleRequest" resultType="com.just.crm.entity.Role">
        select r.* from t_role r where 1 = 1
        <if test="userId != null and userId != ''">
            and exists (select 1 from t_user_role ru where r.id = ru.role_id and ru.user_id = #{userId})
        </if>
        <if test="value != null and value != ''">
            and r.name like concat('%',#{value},'%')
        </if>
    </select>

    <!-- 查询所有可用角色 -->
    <select id="findAll" resultType="com.just.crm.entity.Role">
        select r.* from t_role r where r.available = true
    </select>

</mapper>