<?xml version="1.0" encoding="UTF-8"?>
<!DOCTYPE mapper PUBLIC "-//mybatis.org//DTD Mapper 3.0//EN" "http://mybatis.org/dtd/mybatis-3-mapper.dtd">
<mapper namespace="com.just.crm.dao.mapper.UserMapper">

    <insert id="saveUser" parameterType="com.just.crm.entity.User">
        insert into t_user (name,age,username) values (#{name},#{age},#{username})
    </insert>

    <update id="update" parameterType="com.just.crm.entity.User">
        update t_user set
        <if test="name != null and name != ''"> name = #{name}</if>
        <if test="age != null "> age = #{age}</if>
    </update>

    <delete id="delete" parameterType="string">
         delete from t_user where id=#{id}
    </delete>

    <select id="findByName" parameterType="string" resultType="com.just.crm.entity.User">
        select * from t_user where username=#{name}
    </select>

    <select id="findAll" parameterType="com.just.crm.entity.dto.UserRequest" resultType="com.just.crm.entity.User">
        select * from t_user where 1=1
        <if test="value != null and value != ''">
            and name like concat('%',#{value},'%')
        </if>
        <if test="orgId != null">
            and org_id = ${orgId}
        </if>
    </select>

    <!-- 新增角用户角色 -->
    <insert id="saveUserRoles" parameterType="com.just.crm.entity.dto.UserRequest">
        insert into t_user_role(user_id,role_id) VALUES
        <foreach collection="userRoles" separator="," item="item">
            (#{userId},(SELECT id FROM t_role where role = #{item}))
        </foreach>
        ON DUPLICATE KEY update user_id = #{userId}
    </insert>

    <!-- 删除用户角色 -->
    <delete id="deleteUserRoles" parameterType="com.just.crm.entity.dto.UserRequest">
        delete rp from t_user_role rp where rp.user_id=#{userId} and exists (
        SELECT 1 FROM t_role p where p.id = rp.role_id and p.role in (
        <foreach collection="userRoles" separator="," item="item">
            #{item}
        </foreach> ))
    </delete>

</mapper>